,Component
0,Latent_Dim30
1,Latent_Dim80
2,Latent_Dim16
3,Latent_Dim57
4,Latent_Dim93
5,Latent_Dim59
6,Latent_Dim46
7,Latent_Dim74
8,Latent_Dim99
9,Latent_Dim44
10,Latent_Dim73
11,Latent_Dim3
12,Latent_Dim15
13,Latent_Dim21
14,Latent_Dim92
15,Latent_Dim2
16,Latent_Dim76
17,Latent_Dim60
18,Latent_Dim78
19,Latent_Dim68
20,Latent_Dim33
21,Latent_Dim36
22,Latent_Dim50
23,Latent_Dim83
24,Latent_Dim12
25,Latent_Dim35
26,Latent_Dim58
27,Latent_Dim79
28,Latent_Dim39
29,Latent_Dim28
30,Latent_Dim81
31,Latent_Dim20
32,Latent_Dim87
33,Latent_Dim13
34,Latent_Dim25
35,Latent_Dim41
36,Latent_Dim63
37,Latent_Dim67
38,Latent_Dim88
39,Latent_Dim52
40,Latent_Dim62
41,Latent_Dim24
42,Latent_Dim34
43,Latent_Dim37
44,Latent_Dim45
45,Latent_Dim47
46,Latent_Dim98
47,Latent_Dim75
48,Latent_Dim70
49,Latent_Dim61
50,Latent_Dim53
51,Latent_Dim54
52,Latent_Dim96
53,Latent_Dim18
54,Latent_Dim5
55,Latent_Dim65
56,Latent_Dim22
57,Latent_Dim4
58,Latent_Dim9
59,Latent_Dim38
60,Latent_Dim27
61,Latent_Dim84
62,Latent_Dim14
63,Latent_Dim71
64,Latent_Dim26
65,Latent_Dim19
66,Latent_Dim49
67,Latent_Dim85
68,Latent_Dim100
69,Latent_Dim48
70,Latent_Dim7
71,Latent_Dim6
72,Latent_Dim11
73,Latent_Dim51
74,Latent_Dim97
75,Latent_Dim40
76,Latent_Dim42
77,Latent_Dim91
78,Latent_Dim10
79,Latent_Dim77
80,Latent_Dim43
81,Latent_Dim17
82,Latent_Dim23
83,Latent_Dim1
84,Latent_Dim90
85,Latent_Dim66
86,Latent_Dim86
87,Latent_Dim94
88,Latent_Dim64
89,Latent_Dim56
90,Latent_Dim32
91,Latent_Dim89
92,Latent_Dim8
93,Latent_Dim95
94,Latent_Dim31
95,Latent_Dim82
96,Latent_Dim55
97,Latent_Dim72
98,Latent_Dim69
99,Latent_Dim29
